ID,Alphabet,Style,Modifications
0159,Ottoman,Divani,Cropped
0160,Ottoman,Divani,Cropped
0161,Ottoman,Divani,Cropped
0162,Ottoman,Divani,Cropped
0163,Ottoman,Divani,Cropped
0164,Ottoman,Divani,Cropped
0165,Ottoman,Divani,Cropped
0166,Ottoman,Divani,Cropped
0167,Ottoman,Divani,Cropped
0168,Ottoman,Divani,Cropped
0169,Ottoman,Divani,Cropped
0170,Ottoman,Divani,Cropped
0171,Ottoman,Matbu,Cropped
0172,Ottoman,Matbu,Cropped
0173,Ottoman,Matbu,Cropped
0174,Ottoman,Matbu,Cropped
0175,Ottoman,Matbu,Cropped
0176,Ottoman,Matbu,Cropped
0177,Ottoman,Matbu,Cropped
0178,Ottoman,Matbu,Cropped
0179,Ottoman,Matbu,Cropped
0180,Ottoman,Matbu,Cropped
0181,Ottoman,Matbu,Cropped
0182,Ottoman,Matbu,Cropped
0183,Ottoman,Matbu,Cropped
0184,Ottoman,Matbu,Cropped
0185,Ottoman,Matbu,Cropped
0186,Ottoman,Matbu,Cropped
0187,Ottoman,Matbu,Cropped
0188,Ottoman,Matbu,Cropped
0189,Ottoman,Matbu,Cropped
0190,Ottoman,Matbu,Cropped
0191,Ottoman,Matbu,Cropped
0192,Ottoman,Matbu,Cropped
0193,Ottoman,Nesih,Cropped
0194,Ottoman,Nesih,Cropped
0195,Ottoman,Nesih,Cropped
0196,Ottoman,Nesih,Cropped
0197,Ottoman,Nesih,Cropped
0198,Ottoman,Nesih,Cropped
0199,Ottoman,Nesih,Cropped
0200,Ottoman,Nesih,Cropped
0201,Ottoman,Nesih,Cropped
0202,Ottoman,Nesih,Cropped
0203,Ottoman,Nesih,Cropped
0204,Ottoman,Nesih,Cropped
0205,Ottoman,Nesih,Cropped
0206,Ottoman,Nesih,Cropped
0207,Ottoman,Nesih,Cropped
0208,Ottoman,Nesih,Cropped
0209,Ottoman,Nesih,Cropped
0210,Ottoman,Nesih,Cropped
0211,Ottoman,Nesih,Cropped
0212,Ottoman,Nesih,Cropped
0213,Ottoman,Nesih,Cropped
0214,Ottoman,Nesih,Cropped
0215,Ottoman,Nesih,Cropped
0216,Ottoman,Nesih,Cropped
0217,Ottoman,Nesih,Cropped
0218,Ottoman,Nesih,Cropped
0219,Ottoman,Nesih,Cropped
0220,Ottoman,Nesih,Cropped
0221,Ottoman,Nesih,Cropped
0222,Ottoman,Nesih,Cropped
0223,Ottoman,Nesih,Cropped
0224,Ottoman,Nesih,Cropped
0225,Ottoman,Nesih,Cropped
0226,Ottoman,Rika,Cropped
0227,Ottoman,Rika,Cropped
0228,Ottoman,Rika,Cropped
0229,Ottoman,Rika,Cropped
0230,Ottoman,Rika,Cropped
0231,Ottoman,Rika,Cropped
0232,Ottoman,Rika,Cropped
0233,Ottoman,Rika,Cropped
0234,Ottoman,Rika,Cropped
0235,Ottoman,Rika,Cropped
0236,Ottoman,Rika,Cropped
0237,Ottoman,Rika,Cropped
0238,Ottoman,Rika,Cropped
0239,Ottoman,Rika,Cropped
0240,Ottoman,Rika,Cropped
0241,Ottoman,Rika,Cropped
0242,Ottoman,Rika,Cropped
0243,Ottoman,Rika,Cropped
0244,Ottoman,Rika,Cropped
0245,Ottoman,Rika,Cropped
0246,Ottoman,Rika,Cropped
0247,Ottoman,Rika,Cropped
0248,Ottoman,Rika,Cropped
0249,Ottoman,Rika,Cropped
0250,Ottoman,Rika,Cropped
0251,Ottoman,Rika,Cropped
0252,Ottoman,Rika,Cropped
0253,Ottoman,Rika,Cropped
0254,Ottoman,Rika,Cropped
0255,Ottoman,Rika,Cropped
0256,Ottoman,Rika,Cropped
0257,Ottoman,Rika,Cropped
0258,Ottoman,Rika,Cropped
0259,Ottoman,Rika,Cropped
0260,Ottoman,Rika,Cropped
0261,Ottoman,Rika,Cropped
0262,Ottoman,Rika,Cropped
0263,Ottoman,Rika,Cropped
0264,Ottoman,Rika,Cropped
0265,Ottoman,Rika,Cropped
0266,Ottoman,Rika,Cropped
0267,Ottoman,Rika,Cropped
0268,Ottoman,Rika,Cropped
0269,Ottoman,Rika,Cropped
0270,Ottoman,Rika,Cropped
0271,Ottoman,Rika,Cropped
0272,Ottoman,Rika,Cropped
0273,Ottoman,Rika,Cropped
0274,Ottoman,Rika,Cropped
0275,Ottoman,Talik,Cropped
0276,Ottoman,Talik,Cropped
0277,Ottoman,Talik,Cropped
0278,Ottoman,Talik,Cropped
0279,Ottoman,Talik,Cropped
0280,Ottoman,Talik,Cropped
0281,Ottoman,Talik,Cropped
0282,Ottoman,Talik,Cropped
0283,Ottoman,Talik,Cropped
0284,Ottoman,Talik,Cropped
0285,Ottoman,Talik,Cropped
0286,Ottoman,Talik,Cropped
0287,Ottoman,Talik,Cropped
0288,Ottoman,Talik,Cropped
0289,Ottoman,Talik,Cropped
0290,Ottoman,Talik,Cropped
0291,Ottoman,Talik,Cropped
0292,Ottoman,Talik,Cropped
0293,Ottoman,Talik,Cropped
0294,Ottoman,Talik,Cropped
0295,Ottoman,Talik,Cropped
0296,Ottoman,Talik,Cropped
0297,Ottoman,Talik,Cropped
0298,Ottoman,Talik,Cropped
0299,Ottoman,Talik,Cropped
0300,Ottoman,Talik,Cropped
0301,Ottoman,Talik,Cropped
0302,Ottoman,Talik,Cropped
0303,Ottoman,Talik,Cropped
0304,Ottoman,Talik,Cropped
